,pc,var
0,1,0.31042604280096386
1,2,0.12044586854576642
2,3,0.09498546731447059
3,4,0.07187778186700218
4,5,0.047469068037026566
5,6,0.03604188363123308
6,7,0.029764623957709554
7,8,0.0253549947447513
8,9,0.022741363738666
9,10,0.019392950050066093
