,pc,var
0,1,0.5481225076293044
1,2,0.1993379445537813
2,3,0.13136760298992617
3,4,0.045329156908181234
4,5,0.029407907496209827
5,6,0.019369361785532967
6,7,0.0103123241733914
7,8,0.00787533679349067
8,9,0.005209986270181577
9,10,0.002243855428569026
